City,Country,City_Latitude,City_Longitude,Date,Cloudiness,Humidity,Max Temp,Wind Speed
Calama,CL,-22.4667,-68.9333,1622219741,40,41,61.29,1.14
New Norfolk,AU,-42.7826,147.0587,1622219745,19,66,45.9,1.01
Rikitea,PF,-23.1203,-134.9692,1622219699,69,71,73.96,17.11
Salalah,OM,17.0151,54.0924,1622219664,20,84,86.09,5.75
Almaznyy,RU,48.0448,40.045,1622219939,55,72,71.74,8.19
Ishigaki,JP,24.3448,124.1572,1622219939,100,81,81.79,2.35
Busselton,AU,-33.65,115.3333,1622219720,100,90,61.05,17.38
Arlit,NE,18.7369,7.3853,1622219939,100,4,103.12,12.08
Carnarvon,AU,-24.8667,113.6333,1622219725,75,100,69.87,12.66
Avarua,CK,-21.2078,-159.775,1622219758,100,100,69.85,2.3
Husavik,IS,66.0449,-17.3389,1622219739,18,52,58.91,17.25
Shinshiro,JP,34.9,137.5,1622219940,100,100,66.43,4.27
Sitka,US,57.0531,-135.33,1622219771,90,87,46.29,5.75
Souillac,MU,-20.5167,57.5167,1622219940,20,88,74.35,6.69
Joshīmath,IN,30.5667,79.5667,1622219941,48,75,65.55,2.68
Pisco,PE,-13.7,-76.2167,1622219733,90,94,66.02,5.75
Ancud,CL,-41.8697,-73.8203,1622219757,91,61,51.42,11.34
Barrow,US,71.2906,-156.7887,1622219941,90,80,30.22,8.05
Nikolskoye,RU,59.7035,30.7861,1622219942,64,69,57.78,8.03
Butaritari,KI,3.0707,172.7902,1622219461,95,81,81.64,12.88
Ushuaia,AR,-54.8,-68.3,1622219942,75,100,31.66,25.32
Hermanus,ZA,-34.4187,19.2345,1622219942,24,87,62.8,16.58
Hilo,US,19.7297,-155.09,1622219943,90,85,74.28,6.91
Tripoli,LY,32.8752,13.1875,1622219657,16,60,78.22,20.42
New Haven,US,41.4001,-72.9329,1622219937,75,45,67.28,1.99
Faanui,PF,-16.4833,-151.75,1622219521,62,68,79.95,4.59
Yellowknife,CA,62.456,-114.3525,1622219721,40,53,53.33,1.99
Kruisfontein,ZA,-34.0033,24.7314,1622219943,0,73,63.88,13.11
Gao,ML,16.6362,1.637,1622219944,95,11,106.02,12.08
Northam,AU,-31.6667,116.6667,1622219944,100,91,60.85,10.92
San Quintín,MX,30.4833,-115.95,1622219944,58,65,63.5,11.61
Tura,RU,64.2833,100.25,1622219945,100,91,46.74,2.15
Ponta do Sol,CV,17.1994,-25.0919,1622219769,47,73,78.58,13.89
Saint-Philippe,RE,-21.3585,55.7679,1622219699,45,74,72.95,3.58
Albany,AU,-35.0169,117.8917,1622219716,90,77,64.83,10.78
Ylivieska,FI,64.0833,24.55,1622219946,8,46,50.88,8.34
Alamogordo,US,32.8995,-105.9603,1622219657,1,11,88.61,8.05
Jacareacanga,BR,-6.2222,-57.7528,1622219946,85,27,95.29,3.78
Jamestown,SH,-15.9387,-5.7168,1622219737,90,73,69.42,15.86
Kasungu,MW,-13.0333,33.4833,1622219946,0,65,59.32,6.08
Nome,US,64.5011,-165.4064,1622219947,1,27,50.07,14.97
East London,ZA,-33.0153,27.9116,1622219722,0,67,63.54,6.91
Gondanglegi,ID,-7.7479,112.0132,1622219947,67,93,75.42,5.53
Aldan,RU,58.6031,125.3894,1622219914,36,92,38.97,0.49
San Jose de Buan,PH,12.0529,125.0251,1622219947,75,99,75.02,1.54
Vaini,TO,-21.2,-175.2,1622219698,75,100,64.56,2.3
Kimamba,TZ,-6.7833,37.1333,1622219948,95,77,70.66,1.95
Chiang Khong,TH,20.2613,100.4046,1622219948,82,83,80.92,0.51
College,US,64.8569,-147.8028,1622219726,20,55,41.0,18.41
Yārāda,IN,17.65,83.2667,1622219949,40,79,89.92,9.91
Port Pirie,AU,-33.1833,138.0167,1622219949,100,67,53.69,7.36
Quang Ngai,VN,15.1167,108.8,1622219949,90,91,79.21,4.72
Majene,ID,-3.5403,118.9707,1622219949,14,89,78.42,9.8
Biloela,AU,-24.4167,150.5,1622219767,75,59,48.96,7.87
Punta Arenas,CL,-53.15,-70.9167,1622219533,40,75,35.62,19.66
Namuac,PH,18.6109,121.1657,1622219950,95,80,80.91,3.51
Mahébourg,MU,-20.4081,57.7,1622219774,20,88,74.25,1.14
Vostok,RU,46.4856,135.8833,1622219720,100,95,40.96,3.36
Cidreira,BR,-30.1811,-50.2056,1622219950,100,95,63.14,8.5
Moerai,PF,-22.4333,-151.3333,1622219951,86,83,78.01,15.43
San Vicente,PH,15.2955,120.6465,1622219951,75,83,83.88,2.1
Kuching,MY,1.55,110.3333,1622219945,40,100,75.42,1.14
Khatanga,RU,71.9667,102.5,1622219730,100,91,37.24,10.8
Mackay,AU,-21.15,149.2,1622219952,1,76,60.04,4.61
Hobart,AU,-42.8794,147.3294,1622219952,90,73,48.06,1.01
Dingle,IE,52.1408,-10.2689,1622219952,16,66,55.2,1.92
Itarema,BR,-2.9248,-39.9167,1622219953,12,58,86.45,14.05
Atuona,PF,-9.8,-139.0333,1622219716,17,74,79.77,15.46
Norman Wells,CA,65.282,-126.8329,1622219734,90,93,35.64,17.27
Geraldton,AU,-28.7667,114.6,1622219464,90,94,65.12,14.9
Fayaoué,NC,-20.65,166.5333,1622219953,7,66,73.27,7.18
Ballina,AU,-28.8667,153.5667,1622219954,58,61,55.36,12.66
Lavrentiya,RU,65.5833,-171.0,1622219766,8,88,28.44,10.98
Mīnāb,IR,27.1467,57.0801,1622219954,0,30,99.9,5.86
Puerto Ayora,EC,-0.7393,-90.3518,1622219706,85,90,76.96,5.99
Meulaboh,ID,4.1363,96.1285,1622219726,100,96,75.61,2.26
Eatonton,US,33.3268,-83.3885,1622219955,23,54,89.35,10.69
Mar del Plata,AR,-38.0023,-57.5575,1622219860,0,43,65.08,7.0
Kapaa,US,22.0752,-159.319,1622219718,40,83,75.52,9.33
Edéa,CM,3.8,10.1333,1622219902,94,93,87.58,4.27
Beringovskiy,RU,63.05,179.3167,1622219955,67,91,29.59,10.58
Flinders,AU,-34.5833,150.8552,1622219956,82,59,53.19,8.01
Leningradskiy,RU,69.3833,178.4167,1622219956,16,95,27.7,9.93
Corning,US,42.1428,-77.0547,1622219851,90,92,54.36,8.52
Constitucion,MX,23.9912,-104.6749,1622219956,14,16,82.13,3.0
Flin Flon,CA,54.7682,-101.865,1622219493,75,40,53.44,17.02
Floresta,BR,-8.6011,-38.5686,1622219957,66,36,89.37,15.77
Deputatsky,RU,69.3,139.9,1622219781,12,66,40.87,6.73
Touros,BR,-5.1989,-35.4608,1622219515,27,66,86.9,16.37
Nanortalik,GL,60.1432,-45.2371,1622219957,23,76,41.0,10.27
Kinsale,IE,51.7075,-8.5306,1622219810,75,72,60.17,7.94
Yuxia,CN,34.0615,108.6291,1622219958,70,57,66.81,6.8
Port Elizabeth,ZA,-33.918,25.5701,1622219717,0,59,66.49,21.85
Ribeira Grande,PT,38.5167,-28.7,1622219958,20,63,66.6,12.66
Lumeje,AO,-11.55,20.7833,1622219958,3,33,65.59,4.07
Ngunguru,NZ,-35.6167,174.5,1622219757,72,85,56.16,24.27
Lorengau,PG,-2.0226,147.2712,1622219959,82,81,80.67,6.46
Camopi,GF,3.1655,-52.3158,1622219959,100,94,74.48,1.52
Pangai,TO,-19.8,-174.35,1622219959,44,69,75.56,6.24
Gusau,NG,12.1628,6.6614,1622219960,59,8,100.78,2.91
Fortuna,US,40.5982,-124.1573,1622219574,90,94,59.67,1.01
Afuá,BR,-0.1567,-50.3867,1622219960,73,77,81.55,4.63
Kasongo-Lunda,CD,-6.4667,16.8167,1622219961,30,48,77.41,2.42
Bluff,NZ,-46.6,168.3333,1622219961,100,74,49.8,14.14
Port Alfred,ZA,-33.5906,26.891,1622219727,0,74,64.08,18.77
Kaa-Khem,RU,51.6833,94.7333,1622219961,49,57,47.57,7.63
Launceston,AU,-41.45,147.1667,1622219765,2,89,39.15,2.21
Troitskoye,RU,52.9821,84.6757,1622219962,44,55,46.98,3.13
Sioux Lookout,CA,50.1001,-91.917,1622219962,1,35,53.67,5.75
Huejuquilla el Alto,MX,22.6,-103.8667,1622219962,9,24,81.79,4.72
Hithadhoo,MV,-0.6,73.0833,1622219963,96,73,82.94,16.44
Novo Aripuanã,BR,-5.1206,-60.3797,1622219963,84,39,93.02,3.27
Qaanaaq,GL,77.484,-69.3632,1622219963,93,91,40.15,5.06
Cape Town,ZA,-33.9258,18.4232,1622219720,40,86,63.88,1.99
Guerrero Negro,MX,27.9769,-114.0611,1622219724,12,60,64.94,14.25
Bonthe,SL,7.5264,-12.505,1622219964,88,70,84.9,8.99
Antofagasta,CL,-23.65,-70.4,1622219793,23,56,70.21,4.97
Chapais,CA,49.7834,-74.8492,1622219964,1,22,40.78,11.74
Pevek,RU,69.7008,170.3133,1622219482,91,75,35.58,4.32
Bredasdorp,ZA,-34.5322,20.0403,1622219727,7,88,62.28,14.2
Krasnosel'kup,RU,65.7,82.4667,1622219753,97,75,31.12,21.27
Port-Gentil,GA,-0.7193,8.7815,1622219852,75,78,82.36,12.66
Kahului,US,20.8947,-156.47,1622219839,20,85,76.84,12.66
Najrān,SA,17.4924,44.1277,1622219771,44,14,92.05,7.56
Sabha,LY,27.0377,14.4283,1622219965,65,8,101.8,7.58
Nakhon Phanom,TH,17.3333,104.4167,1622219965,52,81,79.74,2.64
Tiksi,RU,71.6872,128.8694,1622219721,100,97,32.61,13.71
Dikson,RU,73.5069,80.5464,1622219729,100,93,23.29,3.62
Gorontalo,ID,0.5412,123.0595,1622219966,25,93,76.17,2.73
Laguna de Perlas,NI,12.3429,-83.6712,1622219966,82,84,86.09,11.74
Hasaki,JP,35.7333,140.8333,1622219731,100,84,68.29,22.77
San Cristobal,EC,-0.9045,-89.6174,1622219729,40,83,78.91,13.8
Mabaruma,GY,8.2,-59.7833,1622219967,57,90,79.77,5.64
Raudeberg,NO,61.9875,5.1352,1622219791,11,78,67.6,24.83
Berlevåg,NO,70.8578,29.0864,1622219789,75,69,35.6,24.16
San Rafael,BO,-12.9288,-64.8727,1622219967,72,43,87.58,10.33
Georgetown,SH,-7.9333,-14.4167,1622219968,34,68,78.94,19.19
Upernavik,GL,72.7868,-56.1549,1622219968,6,86,36.12,3.83
Tautira,PF,-17.7333,-149.15,1622219739,48,72,73.42,2.17
Konëvo,RU,62.1215,39.3192,1622219969,82,94,45.97,4.9
Thompson,CA,55.7435,-97.8558,1622219751,75,30,57.36,16.11
Coyhaique,CL,-45.5752,-72.0662,1622219542,75,66,46.35,10.36
North Bend,US,43.4065,-124.2243,1622219969,1,74,60.17,10.36
Longyearbyen,SJ,78.2186,15.6401,1622219701,0,64,31.84,14.97
Florianópolis,BR,-27.6146,-48.5012,1622219969,20,75,69.62,4.0
Aykhal,RU,66.0,111.5,1622219970,99,72,47.41,14.45
Chokurdakh,RU,70.6333,147.9167,1622219710,30,61,44.37,12.12
Clyde River,CA,70.4692,-68.5914,1622219721,20,86,30.43,2.3
Lebu,CL,-37.6167,-73.65,1622219698,100,82,55.31,8.34
Port Blair,IN,11.6667,92.75,1622219723,100,83,82.08,5.97
Vila Velha,BR,-20.3297,-40.2925,1622219734,20,63,85.95,10.0
Bambous Virieux,MU,-20.3428,57.7575,1622219719,20,88,74.21,8.75
Nemuro,JP,43.3236,145.575,1622219971,68,96,43.23,11.07
Kautokeino,NO,69.0125,23.0412,1622219971,58,70,36.95,20.27
Manokwari,ID,-0.8667,134.0833,1622219971,39,79,78.76,4.47
Baghdad,IQ,33.3406,44.4009,1622219926,0,13,102.11,11.34
Chui,UY,-33.6971,-53.4616,1622219469,53,73,62.96,6.42
Umluj,SA,25.0213,37.2685,1622219741,30,65,85.48,4.0
Gashua,NG,12.871,11.0482,1622219972,97,8,100.11,8.68
Artesia,US,33.8658,-118.0831,1622219972,1,65,77.32,3.0
Española,US,35.9911,-106.0806,1622219772,4,24,81.64,2.01
Arraial do Cabo,BR,-22.9661,-42.0278,1622219729,0,65,85.96,14.97
São José da Coroa Grande,BR,-8.8978,-35.1478,1622219973,48,66,81.28,12.17
Pitimbu,BR,-7.4706,-34.8086,1622219973,87,80,81.19,17.81
Tasiilaq,GL,65.6145,-37.6368,1622219432,100,96,41.16,12.5
Baloda,IN,22.15,82.4833,1622219973,100,38,89.22,6.11
Shihezi,CN,44.3,86.0333,1622219974,100,47,73.35,7.45
Nichinan,JP,31.6,131.3667,1622219974,100,85,70.75,13.31
Vakhtan,RU,57.9659,46.6889,1622219974,100,94,60.35,8.81
Bandarbeyla,SO,9.4942,50.8122,1622219975,38,84,79.74,25.39
Ust-Maya,RU,60.4167,134.5333,1622219975,95,81,44.04,3.44
Castro,CL,-42.4721,-73.7732,1622219735,75,69,51.39,6.96
Kogon,UZ,39.7228,64.5517,1622219975,0,25,91.44,6.91
Beyneu,KZ,45.3167,55.2,1622219976,1,25,86.05,1.83
Qandala,SO,11.472,49.8728,1622219976,67,56,87.93,1.74
Saint Paul Harbor,US,57.79,-152.4072,1622219707,90,87,47.71,5.75
Biltine,TD,14.5333,20.9167,1622219976,33,13,99.54,11.5
Rønde,DK,56.3014,10.4751,1622219977,75,76,59.43,8.05
Adrar,DZ,25.75,-1.0,1622219749,4,7,110.52,4.83
Kamaishi,JP,39.2667,141.8833,1622219727,100,94,55.81,8.12
Vila Franca do Campo,PT,37.7167,-25.4333,1622219742,98,59,66.61,3.8
Barra,BR,-11.0894,-43.1417,1622219977,3,28,88.41,5.95
Dalton,US,34.7698,-84.9702,1622219874,90,76,83.71,1.01
Laguna,BR,-28.4825,-48.7808,1622219756,100,93,66.0,4.85
Tateyama,JP,34.9833,139.8667,1622219978,100,86,70.11,24.65
Hofn,IS,64.2539,-15.2082,1622219744,90,93,48.22,18.41
Aranos,NA,-24.1333,19.1167,1622219785,6,22,65.75,8.01
Nazrēt,ET,8.55,39.2667,1622219979,15,24,74.1,15.43
Bethel,US,41.3712,-73.414,1622219979,75,49,66.92,8.05
Taoudenni,ML,22.6783,-3.9836,1622219781,55,3,113.31,10.42
Tarakan,ID,3.3,117.6333,1622219979,39,72,83.01,1.9
Teya,RU,60.3778,92.6267,1622219980,100,97,34.95,9.06
Ugoofaaru,MV,5.6667,73.0,1622219980,55,74,84.06,21.41
Eskişehir,TR,39.7767,30.5206,1622219980,75,72,67.87,16.11
Grindavik,IS,63.8424,-22.4338,1622219747,90,87,56.55,47.98
Marystown,CA,47.1666,-55.1483,1622219981,13,56,44.89,25.86
Garden City,US,42.3256,-83.331,1622219837,90,94,46.35,4.0
Sarangani,PH,5.4033,125.4636,1622219981,17,74,83.61,8.43
Luau,AO,-10.7073,22.2247,1622219726,22,40,66.96,4.85
Nhulunbuy,AU,-12.2333,136.7667,1622219981,20,73,75.81,10.36
Rocha,UY,-34.4833,-54.3333,1622219982,30,62,68.59,9.1
Ilfracombe,GB,51.2093,-4.1134,1622219982,100,90,64.72,7.94
Chimbote,PE,-9.0853,-78.5783,1622219694,77,77,71.6,10.33
Kumul,CN,42.8,93.45,1622219731,15,22,80.67,6.29
Carman,CA,49.4992,-98.0016,1622219983,7,33,59.92,16.11
Oyama,JP,36.3,139.8,1622219983,100,74,72.59,2.95
Yerbogachën,RU,61.2767,108.0108,1622219983,74,65,49.82,7.67
Rock Sound,BS,24.9,-76.2,1622219984,75,74,77.45,9.28
Bombay,NZ,-37.1667,174.9833,1622219984,100,94,60.55,9.01
Karlivka,UA,49.4567,35.1295,1622219984,99,86,61.83,2.93
Komsomol'skiy,RU,43.9783,46.6985,1622219985,5,71,67.64,9.86
Curuguaty,PY,-24.4694,-55.6945,1622219985,98,35,90.59,11.61
Barroquinha,BR,-3.0189,-41.1361,1622219985,8,44,89.38,5.79
Monrovia,LR,6.3005,-10.7969,1622219985,69,71,87.57,8.75
Ganzhou,CN,28.8184,115.4327,1622219986,100,80,66.15,3.96
Severo-Kuril'sk,RU,50.6789,156.125,1622219534,83,93,38.34,8.79
Samarai,PG,-10.6167,150.6667,1622219986,70,75,76.91,16.42
Esperance,AU,-33.8667,121.9,1622219748,99,47,60.64,16.8
Longmont,US,40.1672,-105.1019,1622219722,1,57,79.9,3.44
Lagoa,PT,39.05,-27.9833,1622219755,93,71,61.41,10.74
Tazovsky,RU,67.4667,78.7,1622219987,55,89,26.8,8.99
Harrisonburg,US,38.4496,-78.8689,1622219987,90,60,75.83,6.58
Bengkulu,ID,-3.8004,102.2655,1622219987,100,92,75.4,3.87
Tyup,KG,42.7276,78.3648,1622219988,95,61,57.94,3.0
Portland,AU,-38.3333,141.6,1622219728,2,74,47.71,4.38
Yamada,JP,39.4667,141.95,1622219988,100,94,54.88,3.56
Ayna,PE,-12.65,-73.9167,1622219988,25,48,73.9,5.53
Kholm,RU,59.2667,32.85,1622219989,80,73,55.9,4.23
Ilulissat,GL,69.2167,-51.1,1622219746,20,40,48.22,5.75
Mildura,AU,-34.2,142.15,1622219989,81,100,40.06,4.61
Tuktoyaktuk,CA,69.4541,-133.0374,1622219740,75,93,24.8,9.22
Changping,CN,40.2186,116.2197,1622219990,59,28,70.52,18.01
Khandyga,RU,62.6667,135.6,1622219990,82,57,46.9,3.2
Ryōtsu-minato,JP,38.0833,138.4333,1622219991,100,81,59.54,6.26
Mount Gambier,AU,-37.8333,140.7667,1622219770,40,93,39.11,0.0
Lüderitz,NA,-26.6481,15.1594,1622219739,67,61,63.23,15.52
Shyryayeve,UA,47.3805,30.1964,1622219991,95,81,65.93,12.19
Sakakah,SA,29.9697,40.2064,1622219991,0,9,99.97,9.15
Hūn,LY,29.1268,15.9477,1622219992,54,9,102.7,10.58
Abeokuta,NG,7.15,3.35,1622219992,97,65,89.15,9.01
Al Bardīyah,LY,31.7561,25.0865,1622219992,22,55,74.16,15.75
Phonhong,LA,18.5007,102.4166,1622219993,99,95,80.42,0.69
Katsuura,JP,35.1333,140.3,1622219993,100,86,70.2,21.79
Cayenne,GF,4.9333,-52.3333,1622219718,75,75,87.84,4.0
San Antero,CO,9.3741,-75.7589,1622219993,91,67,86.34,2.68
Banyo,CM,6.75,11.8167,1622219994,28,76,73.74,3.76
Solnechnyy,RU,50.7214,136.6319,1622219994,71,81,45.77,1.88
Ramnagar,IN,29.4,79.1167,1622219994,23,63,81.41,7.14
Buala,SB,-8.145,159.5921,1622219995,100,89,77.45,4.81
Maple Creek,CA,49.9168,-109.4848,1622219995,35,29,61.29,24.16
Ayní,TJ,39.3941,68.5377,1622219995,96,74,63.75,4.97
Lompoc,US,34.6391,-120.4579,1622219995,90,93,58.68,12.12
Kavieng,PG,-2.5744,150.7967,1622219996,97,80,81.23,7.18
Olafsvik,IS,64.8945,-23.7142,1622219996,100,73,51.39,27.72
Moyobamba,PE,-6.05,-76.9667,1622219996,52,55,82.99,2.04
Maţāy,EG,28.419,30.7792,1622219997,0,14,91.42,13.49
Three Hills,CA,51.7001,-113.2686,1622219743,84,34,61.29,8.32
Lago da Pedra,BR,-4.3333,-45.1667,1622219997,13,54,88.41,1.92
Yumen,CN,40.2833,97.2,1622219997,0,18,71.98,13.89
Ust-Nera,RU,64.5667,143.2,1622219498,94,72,43.52,5.57
Sangīn,AF,32.0728,64.8359,1622219998,0,14,86.59,7.14
Irecê,BR,-11.3042,-41.8558,1622219873,3,16,87.94,11.43
Abrau-Dyurso,RU,44.69,37.59,1622219998,51,80,65.66,2.95
Saint George,BM,32.3817,-64.6781,1622219998,20,66,74.98,6.91
Paamiut,GL,61.994,-49.6678,1622219999,89,72,41.88,2.59
Henties Bay,NA,-22.116,14.2845,1622219999,2,76,61.86,10.89
Ereymentau,KZ,51.6199,73.1033,1622219999,0,46,55.76,7.25
Tilichiki,RU,60.4667,166.1,1622220000,100,96,32.92,2.93
Ukiah,US,39.1502,-123.2078,1622219795,1,63,79.03,3.44
Ponta do Sol,PT,32.6667,-17.1,1622220000,49,73,75.0,2.68
Álamos,MX,27.0167,-108.9333,1622220001,0,14,84.72,5.68
Los Llanos de Aridane,ES,28.6585,-17.9182,1622219694,20,74,67.75,9.01
Mehamn,NO,71.0357,27.8492,1622220001,75,64,35.78,25.32
Balabac,PH,7.9868,117.0645,1622220001,60,77,82.69,3.87
Marovoay,MG,-16.1,46.6333,1622220003,0,64,75.34,4.05
Iqaluit,CA,63.7506,-68.5145,1622219725,75,69,31.73,18.01
Kaitangata,NZ,-46.2817,169.8464,1622219737,100,81,50.94,6.22
Sola,VU,-13.8833,167.55,1622219780,98,65,77.27,11.18
Jales,BR,-20.2689,-50.5458,1622219888,81,33,89.15,10.25
Koumac,NC,-20.5667,164.2833,1622220003,16,78,68.67,10.58
Dukat,RU,62.55,155.55,1622220004,99,98,27.77,5.97
Obihiro,JP,42.9172,143.2044,1622220004,100,99,46.38,4.16
Bunia,CD,1.5667,30.25,1622220004,90,83,67.68,3.06
Natchez,US,31.5604,-91.4032,1622220005,40,73,80.26,5.75
Bonavista,CA,48.6499,-53.1147,1622220005,47,57,53.6,7.29
Kailua,US,21.4022,-157.7394,1622219819,20,74,75.18,9.22
Saint-François,GP,16.2526,-61.2741,1622220006,20,67,87.76,12.44
Tezu,IN,27.9167,96.1667,1622220006,25,97,74.39,4.38
South Kazakhstan Region,KZ,43.0,68.0,1622220006,7,25,86.0,8.59
Port Hedland,AU,-20.3167,118.5667,1622220007,88,53,73.45,6.91
Talnakh,RU,69.4865,88.3972,1622220007,95,91,27.93,6.76
Marsala,IT,37.7966,12.4352,1622220007,40,83,75.54,7.16
Aklavik,CA,68.2191,-135.0107,1622220008,75,80,29.12,12.66
Carutapera,BR,-1.195,-46.02,1622219744,10,59,86.7,6.76
Kangaatsiaq,GL,68.3065,-53.4641,1622219746,46,88,35.33,4.88
Tigil',RU,57.8,158.6667,1622220008,87,91,35.8,2.62
Cap Malheureux,MU,-19.9842,57.6142,1622219807,19,78,74.46,4.0
Agogo,GH,6.8,-1.0819,1622220009,100,57,84.94,4.34
Otane,NZ,-39.8833,176.6333,1622220009,77,88,39.38,1.81
Whitehorse,CA,60.7161,-135.0538,1622220009,75,61,47.01,15.01
Kenai,US,60.5544,-151.2583,1622219758,90,93,48.02,8.05
Turochak,RU,52.2576,87.1224,1622220010,31,89,43.21,2.71
Plettenberg Bay,ZA,-34.0527,23.3716,1622220010,1,76,61.16,10.78
Sandy Bay,HN,16.3292,-86.5645,1622220010,0,74,85.15,16.11
Mahibadhoo,MV,3.7833,72.9667,1622220011,95,74,83.53,20.13
Tuatapere,NZ,-46.1333,167.6833,1622220011,100,86,49.82,3.13
Petropavlovsk-Kamchatskiy,RU,53.0452,158.6483,1622220011,96,93,30.79,1.81
Sawākin,SD,19.1059,37.3321,1622220012,21,67,88.05,2.04
Dinghaicun,CN,26.2847,119.7936,1622220012,99,89,74.32,7.07
Te Anau,NZ,-45.4167,167.7167,1622220012,100,98,39.2,4.5
Westport,IE,53.8,-9.5167,1622220012,94,58,59.04,3.0
Apucarana,BR,-23.5508,-51.4608,1622219811,95,43,78.93,12.91
Bela,PK,26.2271,66.3111,1622220013,1,68,87.37,7.56
Wa,GH,10.0607,-2.5019,1622220013,72,29,97.07,2.64
Oktyabr'skoye,RU,43.0645,44.7417,1622220013,75,68,68.14,1.74
Poltava,UA,49.5937,34.5407,1622220014,75,88,62.13,5.55
Rio Grande,BR,-32.035,-52.0986,1622219824,100,87,62.71,9.6
Kem',RU,64.9555,34.5793,1622220014,73,81,41.7,7.72
Tupi Paulista,BR,-21.3811,-51.5706,1622220014,86,31,90.09,11.81
Acaraú,BR,-2.8856,-40.12,1622219944,13,59,86.68,13.73
Sarakhs,IR,36.5449,61.1577,1622220015,0,32,86.14,11.5
Cherskiy,RU,68.75,161.3,1622219590,80,55,44.38,13.27
Ossora,RU,59.2353,163.0719,1622220015,100,96,35.19,4.79
Mindelo,CV,16.8901,-24.9804,1622220016,20,57,78.35,21.5
San Patricio,MX,19.2167,-104.7,1622220016,75,74,86.11,6.42
Pāveh,IR,35.0434,46.3565,1622220016,3,21,69.91,3.27
Stornoway,GB,58.2093,-6.3865,1622220017,20,77,57.16,8.05
Roald,NO,62.5833,6.1333,1622220017,0,71,67.15,19.57
São Filipe,CV,14.8961,-24.4956,1622219724,6,78,73.11,11.65
Réo,BF,12.3167,-2.4667,1622220017,72,43,90.99,23.13
Shaowu,CN,27.3409,117.4831,1622220018,100,95,69.51,2.77
Grand Gaube,MU,-20.0064,57.6608,1622220018,14,78,73.8,3.0
Saskylakh,RU,71.9167,114.0833,1622219728,29,88,33.04,6.31
Ahipara,NZ,-35.1667,173.1667,1622219761,81,91,57.49,18.75
Bacnotan,PH,16.7222,120.3525,1622220019,27,79,82.67,4.99
Bouna,CI,9.2667,-3.0,1622220019,85,43,89.2,6.08
Mwense,ZM,-10.3845,28.698,1622220019,5,48,64.69,2.73
Klaksvík,FO,62.2266,-6.589,1622220020,65,84,49.12,15.59
Richards Bay,ZA,-28.783,32.0377,1622220020,45,84,69.1,10.42
Bilibino,RU,68.0546,166.4372,1622220020,36,75,35.47,2.08
Bāsār,IN,27.9833,94.6667,1622220021,41,95,69.84,1.95
Leshukonskoye,RU,64.8989,45.7622,1622219765,100,98,42.37,6.08
Ostrovnoy,RU,68.0531,39.5131,1622220021,85,71,37.18,18.39
Marrakesh,MA,31.6315,-8.0083,1622219976,75,37,87.87,11.5
Kavaratti,IN,10.5669,72.642,1622219745,16,75,83.71,16.89
Caldas Novas,BR,-17.7417,-48.625,1622219883,79,28,91.76,10.71
Peru,US,40.7537,-86.0689,1622220022,90,88,54.21,18.48
Tamiahua,MX,21.2667,-97.45,1622220022,35,65,87.26,14.45
Torbay,CA,47.6666,-52.7314,1622219794,40,53,54.88,21.85
Shimoda,JP,34.6667,138.95,1622220022,100,93,69.17,13.15
Itoman,JP,26.1247,127.6694,1622220023,75,94,77.77,6.91
Ararat,AU,-37.2833,142.9333,1622220023,0,92,37.02,5.91
Ixtapa,MX,20.7,-105.2,1622220023,1,69,81.63,5.75
Lincoln,NZ,-43.65,172.4833,1622220024,90,94,47.12,1.61
Rostock,DE,54.0887,12.1405,1622220024,48,79,59.29,9.37
Bosaso,SO,11.2842,49.1816,1622220024,100,57,88.07,1.39
Homun,MX,20.7333,-89.2833,1622220025,42,38,91.94,5.64
Tornio,FI,65.8481,24.1466,1622220025,79,50,50.02,8.9
Naze,JP,28.3667,129.4833,1622220025,100,88,71.37,13.78
Panguna,PG,-6.3164,155.4848,1622220026,100,98,68.11,0.78
Shakawe,BW,-18.3667,21.85,1622220026,0,23,64.11,2.15
Mayumba,GA,-3.432,10.6554,1622220026,92,87,78.35,5.66
Bubaque,GW,11.2833,-15.8333,1622219767,19,75,79.32,12.95
Ahtopol,BG,42.1,27.95,1622220027,100,78,64.87,14.14
Muravlenko,RU,63.7898,74.523,1622220027,59,49,40.51,4.7
Buraidah,SA,26.326,43.975,1622220028,69,14,100.85,8.1
Grootfontein,NA,-19.5667,18.1167,1622220028,0,27,62.55,3.18
Bariloche,AR,-41.1456,-71.3082,1622219844,40,66,46.15,13.71
Sur,OM,22.5667,59.5289,1622220028,0,43,88.29,9.84
Sangmélima,CM,2.9333,11.9833,1622219881,100,93,72.25,3.09
Yulara,AU,-25.2406,130.9889,1622219780,0,65,42.64,5.75
Ambon City,ID,-3.6954,128.1814,1622220029,40,94,77.14,9.73
Isangel,VU,-19.55,169.2667,1622219764,56,79,70.09,5.17
Misratah,LY,32.3754,15.0925,1622220029,33,56,78.71,22.03
Qaqortoq,GL,60.7167,-46.0333,1622219741,52,73,57.7,6.82
Gravdal,NO,68.1214,13.5031,1622220030,40,71,47.88,10.36
Port Hardy,CA,50.6996,-127.4199,1622220030,90,81,50.18,3.44
Fukuechō,JP,32.6881,128.8419,1622220030,86,72,65.12,18.9
Māngrol,IN,21.1167,70.1167,1622220031,69,77,84.42,11.81
Cabo San Lucas,MX,22.8909,-109.9124,1622219913,1,44,93.51,3.44
Tegul'det,RU,57.3064,88.1667,1622220031,65,66,37.31,5.91
Victor Harbor,AU,-35.5667,138.6167,1622220031,97,82,50.2,7.72
Margate,ZA,-30.8636,30.3705,1622219751,42,73,67.55,7.54
Spencer,US,43.1414,-95.1444,1622220032,90,79,46.53,17.27
Kovūr,IN,14.4833,79.9833,1622220032,67,49,90.39,12.93
Erzin,RU,50.261,95.1623,1622220032,8,71,47.46,4.09
Vestmannaeyjar,IS,63.4427,-20.2734,1622219853,90,87,49.19,46.04
Iracoubo,GF,5.4802,-53.2011,1622220033,89,90,79.21,9.13
Vágur,FO,61.4732,-6.8119,1622220033,16,88,46.29,16.84
Jitra,MY,6.2681,100.4217,1622220034,20,94,80.49,1.99
Port Macquarie,AU,-31.4333,152.9167,1622219757,100,67,53.56,20.76
Brumado,BR,-14.2036,-41.6653,1622219979,3,29,87.13,9.42
Mana,GF,5.6592,-53.7767,1622219789,99,89,79.43,9.1
Rebrikha,RU,53.0733,82.3408,1622220034,19,60,47.71,4.94
São João da Barra,BR,-21.6403,-41.0511,1622219771,14,76,86.09,13.96
Tandil,AR,-37.3217,-59.1332,1622220035,12,47,59.14,17.11
Port Augusta,AU,-32.5,137.7667,1622219736,100,66,53.74,4.74
Nantucket,US,41.2835,-70.0995,1622220035,1,51,62.71,14.97
Pallasovka,RU,50.05,46.8833,1622220035,94,79,66.33,3.62
Geraldton,CA,49.7267,-86.9484,1622220036,1,30,53.62,5.75
Kudahuvadhoo,MV,2.6708,72.8944,1622219637,87,72,83.73,20.15
Wichita Falls,US,33.9137,-98.4934,1622219996,90,97,66.34,11.5
Camacha,PT,33.0833,-16.3333,1622220036,20,64,71.53,10.36
Dryden,CA,49.7833,-92.7503,1622220036,1,35,52.09,9.22
Callaway,US,30.153,-85.5699,1622220037,40,69,85.98,3.0
Colares,PT,38.7992,-9.4469,1622219753,0,50,82.08,12.66
Kayerkan,RU,69.3497,87.7602,1622220037,98,97,28.53,8.41
Tūkrah,LY,32.5341,20.5791,1622220037,14,46,76.69,7.78
Mitú,CO,1.1983,-70.1733,1622220038,29,73,83.48,3.0
Collie,AU,-33.3667,116.15,1622220038,100,95,57.97,7.61
Khovd,MN,48.0056,91.6419,1622219773,4,39,56.43,2.73
Panabá,MX,21.2833,-88.2667,1622220038,14,43,92.19,7.18
Arcata,US,40.8665,-124.0828,1622219879,90,90,53.92,6.38
Bathsheba,BB,13.2167,-59.5167,1622219743,20,51,86.61,15.77
Nouakchott,MR,18.0858,-15.9785,1622220039,25,71,75.13,18.61
Broome,AU,-17.9667,122.2333,1622220039,65,68,67.95,5.75
Pangody,RU,65.85,74.4859,1622220039,52,52,37.85,5.26
Biak,ID,-0.9131,122.8766,1622219780,35,85,76.77,6.96
Mount Isa,AU,-20.7333,139.5,1622219749,28,20,64.17,11.5
Towada,JP,40.6127,141.2067,1622220040,96,94,56.21,4.54
Mlonggo,ID,-6.5333,110.7,1622220040,85,84,79.14,6.4
Yenagoa,NG,4.9247,6.2642,1622220041,100,87,79.47,4.97
Hammerfest,NO,70.6634,23.6821,1622220041,75,64,36.05,8.05
Virginia Beach,US,36.8529,-75.978,1622220041,40,63,92.01,11.5
Padang,ID,-0.9492,100.3543,1622219776,85,89,77.54,2.24
Ciudad Bolivar,VE,8.1222,-63.5497,1622220042,87,47,89.87,7.14
Kota,IN,25.1833,75.8333,1622219876,23,24,98.64,13.76
San Ignacio,MX,23.9167,-106.4167,1622220042,0,33,84.65,5.68
São Raimundo das Mangabeiras,BR,-7.0219,-45.4811,1622219732,92,34,91.51,5.59
Kisangani,CD,0.5167,25.2,1622220043,96,85,74.98,1.07
Sussex,CA,45.7227,-65.5066,1622220043,22,28,59.05,12.19
Gumdag,TM,39.2061,54.5906,1622220043,0,24,89.89,9.06
Srednekolymsk,RU,67.45,153.6833,1622220044,4,55,43.83,15.14
Ormstown,CA,45.1334,-73.9992,1622220044,97,35,54.01,6.33
Igarka,RU,67.4667,86.5833,1622220044,100,96,30.69,18.23
Methóni,GR,36.8197,21.7049,1622220045,90,72,80.46,17.63
Springfield,US,37.2153,-93.2982,1622219917,75,76,67.06,5.99
Lashio,MM,22.9333,97.75,1622220045,94,64,73.85,0.81
Ndola,ZM,-12.9587,28.6366,1622220045,0,45,59.79,2.06
Zdvinsk,RU,54.7021,78.661,1622220046,83,59,51.82,2.48
Kaeo,NZ,-35.1,173.7833,1622220046,75,96,56.32,22.3
Brewster,US,41.3973,-73.6171,1622220046,75,48,67.35,1.01
Shar,KZ,49.5886,81.0453,1622220047,0,57,54.23,6.73
Jalu,LY,29.0331,21.5482,1622219789,0,13,97.52,10.02
Kutum,SD,14.2,24.6667,1622220047,58,10,89.87,10.58
Broken Hill,AU,-31.95,141.4333,1622219782,100,76,46.11,12.66
Terra Santa,BR,-2.1042,-56.4869,1622220047,39,53,89.31,3.6
Rognan,NO,67.0953,15.3878,1622220048,53,66,49.75,6.6
Taltal,CL,-25.4,-70.4833,1622220048,31,74,65.93,5.5
Waddān,LY,29.1614,16.139,1622219895,57,9,102.06,9.91
Verkhnyaya Inta,RU,65.9811,60.3094,1622219775,100,77,43.27,14.99
Leh,IN,34.1667,77.5833,1622220049,7,23,52.29,5.84
Hamilton,BM,32.2915,-64.778,1622219907,20,73,75.24,1.01
Kalmunai,LK,7.4167,81.8167,1622220049,65,74,82.38,3.22
Roebourne,AU,-20.7833,117.1333,1622220049,74,78,75.4,4.81
Esim,GH,4.8699,-2.2405,1622220050,91,69,84.43,8.95
Nyurba,RU,63.2842,118.3319,1622219870,68,65,50.25,4.68
Karasjok,NO,69.4719,25.5112,1622220050,92,67,35.71,21.74
Narsaq,GL,60.9167,-46.05,1622220050,59,60,57.42,7.7
Pucallpa,PE,-8.3791,-74.5539,1622220051,40,66,86.04,3.44
Āsandh,IN,29.5167,76.6,1622220051,0,29,94.95,9.73
Victoria,SC,-4.6167,55.45,1622220051,40,74,79.86,3.02
Estelle,US,29.8458,-90.1067,1622220018,75,67,88.0,8.05
Atibaia,BR,-23.131,-46.589,1622220052,66,40,80.87,9.73
Pierre,US,44.3683,-100.351,1622220052,90,83,52.0,7.0
Banda Aceh,ID,5.5577,95.3222,1622220052,99,84,79.27,13.42
Menongue,AO,-14.6585,17.691,1622220053,0,29,62.96,4.68
Simao,CN,22.7886,100.9748,1622220053,100,96,66.63,3.13
Kamenka,RU,51.3223,42.7678,1622220053,59,68,65.97,4.76
Saldanha,ZA,-33.0117,17.9442,1622220054,13,94,59.05,5.61
Provideniya,RU,64.3833,-173.3,1622219717,4,55,40.3,10.89
Görele,TR,41.0308,39.0031,1622220054,43,88,63.84,3.15
Bay Roberts,CA,47.5999,-53.2648,1622220054,42,48,55.65,5.99
San Lucas,MX,16.6,-92.7167,1622220055,67,50,81.36,3.71
Ola,RU,59.5833,151.2833,1622220055,100,96,37.67,9.57
Mapiripán,CO,2.8892,-72.1256,1622220055,65,62,85.78,4.38
Tolaga Bay,NZ,-38.3667,178.3,1622220056,1,83,49.62,4.56
Kendari,ID,-3.945,122.4989,1622220056,9,94,73.76,3.62
Marsh Harbour,BS,26.5412,-77.0636,1622220056,57,72,78.19,9.55
Ankpa,NG,7.3706,7.6253,1622220056,93,74,80.29,2.57
Macheng,CN,31.1783,115.0319,1622219809,100,90,69.17,4.18
Dawlatabad,AF,36.4141,64.9053,1622220057,1,15,87.62,3.0
Rawson,AR,-43.3002,-65.1023,1622219452,100,44,46.8,25.01
Tyukhtet,RU,56.5389,89.3011,1622220057,91,64,39.61,7.43
Nuuk,GL,64.1835,-51.7216,1622219725,20,87,39.81,12.66
Šenčur,SI,46.2456,14.4197,1622220058,75,42,68.63,8.05
Bethanien,NA,-26.502,17.1583,1622220058,5,20,63.77,9.19
Chardara,KZ,41.2547,67.9692,1622220058,18,29,83.61,9.71
Villanueva de Córdoba,ES,38.3228,-4.6287,1622220059,86,38,78.53,3.53
Bahía de Caráquez,EC,-0.6,-80.4167,1622220059,95,77,78.98,7.49
Honiara,SB,-9.4333,159.95,1622220059,100,91,75.7,3.27
Tsimmerbude,RU,54.675,20.1347,1622220060,45,78,53.65,9.69
Dom Pedrito,BR,-30.9828,-54.6731,1622220060,100,99,59.97,3.27
San Policarpo,PH,12.1791,125.5072,1622220060,92,82,81.68,2.82
Pangoa,PE,-12.1167,-73.0,1622219819,87,60,81.34,2.71
Ionia,US,42.9873,-85.0711,1622220061,90,93,45.99,17.27
Dakar,SN,14.6937,-17.4441,1622219953,40,69,83.28,16.11
Pacifica,US,37.6138,-122.4869,1622219859,20,83,70.88,3.0
Tabou,CI,4.423,-7.3528,1622220061,91,76,82.94,7.31
Hauterive,CA,49.1833,-68.2667,1622220062,90,42,42.67,12.66
Muros,ES,42.7762,-9.0603,1622219761,28,61,79.68,14.67
Sala Consilina,IT,40.3912,15.5989,1622220062,30,63,68.29,2.13
Olhão,PT,37.0286,-7.8411,1622220063,0,78,69.69,12.73
Zhaoyang,CN,42.682,126.0305,1622220063,100,92,48.76,4.0
Fillan,NO,63.6064,8.9696,1622220063,20,72,48.38,8.37
Byron Bay,AU,-28.65,153.6167,1622220006,45,72,57.15,16.64
Kemijärvi,FI,66.7131,27.4306,1622220064,99,52,44.42,11.97
Kieta,PG,-6.2167,155.6333,1622220064,100,93,76.17,0.51
Eureka,US,40.8021,-124.1637,1622219968,19,89,53.92,1.01
Sumenep,ID,-7.0167,113.8667,1622220065,88,80,81.05,9.73
Djambala,CG,-2.5447,14.7533,1622220065,88,60,78.37,3.22
Lewistown,US,40.5992,-77.5714,1622219840,75,55,68.99,5.75
Salinas,BR,-16.1703,-42.2903,1622220065,42,29,90.63,8.1
Blackburn,GB,53.75,-2.4833,1622219935,100,68,64.36,1.99
Innisfail,AU,-17.5333,146.0333,1622220066,15,86,63.27,5.21
Phalombe,MW,-15.8064,35.6507,1622220066,0,52,62.2,1.7
Killybegs,IE,54.6333,-8.45,1622220066,100,91,56.91,3.65
Ketchikan,US,55.3422,-131.6461,1622219718,90,62,50.47,0.0
Fenoarivo Atsinanana,MG,-17.3667,49.4167,1622220067,2,78,71.73,0.98
Todos Santos,MX,23.45,-110.2167,1622220067,7,52,93.0,6.53
Anda,CN,46.4,125.3167,1622220067,34,53,55.02,5.35
Thunder Bay,CA,48.4001,-89.3168,1622219991,1,29,51.78,8.05
Masty,BY,53.4122,24.5387,1622220068,67,80,59.11,4.74
Buribay,RU,51.9617,58.1592,1622220068,19,43,65.35,5.64
Nizhniye Sergi,RU,56.6614,59.3033,1622220068,22,59,56.53,1.68
Necochea,AR,-38.5473,-58.7368,1622220069,2,51,61.03,22.28
Murom,RU,55.5656,42.0417,1622220069,78,91,63.19,2.53
Mosquera,CO,4.7059,-74.2302,1622219784,75,59,64.49,3.44
Seoul,KR,37.5683,126.9778,1622220070,0,75,61.99,9.28
Pauini,BR,-7.7136,-66.9764,1622220070,12,40,93.85,3.13
Chauk,MM,20.8833,94.8167,1622220070,7,47,90.18,11.86
Coruripe,BR,-10.1256,-36.1756,1622220071,30,60,81.41,9.82
Andros,GR,37.8333,24.9333,1622220071,0,59,76.41,5.19
Pemangkat,ID,1.1667,108.9667,1622219718,100,88,78.46,4.41
Katastari,GR,37.8333,20.7667,1622220071,0,34,78.58,17.94
Lakes Entrance,AU,-37.8811,147.981,1622220072,85,62,46.18,5.57
Acapulco de Juárez,MX,16.8634,-99.8901,1622219882,40,62,87.62,7.61
Palafrugell,ES,41.9174,3.1631,1622220072,92,22,78.08,2.8
Sabang,ID,5.8933,95.3214,1622219759,99,79,81.86,22.59
Kattivākkam,IN,13.2167,80.3167,1622220072,99,86,87.08,16.69
Korla,CN,41.7597,86.1469,1622220073,4,21,82.02,8.41
Brae,GB,60.3964,-1.353,1622220073,85,72,49.91,7.11
Aswān,EG,24.0934,32.907,1622220073,68,10,99.18,12.06
Tombouctou,ML,20.0,-3.0,1622220074,69,6,109.96,19.3
Santa Isabel Rio Negro,BR,-0.4139,-65.0192,1622220074,39,86,82.42,3.27
Pochutla,MX,15.7432,-96.4661,1622219787,93,46,91.81,6.64
Saint-Pierre,PM,46.7654,-56.1695,1622220074,20,61,48.16,23.02
Impfondo,CG,1.6381,18.0667,1622220075,100,87,75.15,0.98
Campbellton,CA,48.0075,-66.6727,1622220075,95,34,43.25,16.33
Storforshei,NO,66.4043,14.5233,1622220075,20,46,51.66,2.68
Nueva Gerona,CU,21.8833,-82.8,1622220075,6,61,84.25,10.18
Lunéville,FR,48.6,6.5,1622220076,83,76,67.42,10.49
